id  ,nom       ,prenom     ,email                           ,date_naissance,mot_de_passe,date_inscription,type_personne,telephone,adresse,image
1000,PELLETIER ,Lorelle    ,lorelle.pelletier@exmpmail.com  ,1970-03-16    ,password    ,2015-02-06      ,Enseignant,695222000,Montpellier 34000 - France,team1.jpg
1001,MENARD    ,Ibraheem   ,ibraheem.menard@exmpmail.com    ,1974-03-26    ,password    ,2015-09-26      ,Enseignant,695222001,Bordeaux 33000 - France,team2.jpg
1002,CHAUVIN   ,Sango      ,sango.chauvin@exmpmail.com      ,1986-12-02    ,password    ,2016-05-15      ,Enseignant,695222002,Toulouse 31000 - France,team3.jpg
1003,JACQUET   ,Burgundy   ,burgundy.jacquet@exmpmail.com   ,1982-05-17    ,password    ,2015-08-06      ,Enseignant,695222003,Lyon 69000 - France,team4.jpg
1004,HUET      ,Jacobo     ,jacobo.huet@exmpmail.com        ,1979-10-22    ,password    ,2016-02-09      ,Enseignant,695222004,Lille 59000 - France,team1.jpg
1005,CHAUVIN   ,Jahzeel    ,jahzeel.chauvin@exmpmail.com    ,1960-03-18    ,password    ,2015-12-29      ,Enseignant,695222005,Montpellier 34000 - France,team2.jpg
1006,MAILLARD  ,Stanislawa ,stanislawa.maillard@exmpmail.com,1968-11-01    ,password    ,2015-10-24      ,Enseignant,695222006,Bordeaux 33000 - France,team3.jpg
1007,GAY       ,Zlatko     ,zlatko.gay@exmpmail.com         ,1963-03-13    ,password    ,2014-05-13      ,Enseignant,695222007,Toulouse 31000 - France,team4.jpg
1008,LE GALL   ,Fiachra    ,fiachra.le gall@exmpmail.com    ,1968-04-30    ,password    ,2016-09-03      ,Enseignant,695222008,Lyon 69000 - France,team1.jpg
1009,COLLIN    ,Danya      ,danya.collin@exmpmail.com       ,1977-10-11    ,password    ,2014-09-15      ,Enseignant,695222009,Lille 59000 - France,team2.jpg
1010,PERRIER   ,Vibol      ,vibol.perrier@exmpmail.com      ,1968-03-26    ,password    ,2016-06-06      ,Enseignant,695222010,Montpellier 34000 - France,team3.jpg
1011,BARTHELEMY,Ante       ,ante.barthelemy@exmpmail.com    ,1985-01-25    ,password    ,2014-05-29      ,Enseignant,695222011,Bordeaux 33000 - France,team4.jpg
1012,HOARAU    ,Clemens    ,clemens.hoarau@exmpmail.com     ,1971-05-28    ,password    ,2015-11-09      ,Enseignant,695222012,Toulouse 31000 - France,team1.jpg
1013,BARON     ,Ingegärd   ,ingegärd.baron@exmpmail.com     ,1962-11-30    ,password    ,2014-12-12      ,Enseignant,695222013,Lyon 69000 - France,team2.jpg
1014,GILBERT   ,Rajnish    ,rajnish.gilbert@exmpmail.com    ,1989-06-14    ,password    ,2015-08-29      ,Enseignant,695222014,Lille 59000 - France,team3.jpg
1015,DELAUNAY  ,Can        ,can.delaunay@exmpmail.com       ,1980-01-03    ,password    ,2014-04-16      ,Enseignant,695222015,Montpellier 34000 - France,team4.jpg
1016,JULIEN    ,Desta      ,desta.julien@exmpmail.com       ,1988-03-08    ,password    ,2015-08-09      ,Enseignant,695222016,Bordeaux 33000 - France,team1.jpg
1017,ANTOINE   ,Dalia      ,dalia.antoine@exmpmail.com      ,1979-09-08    ,password    ,2016-11-09      ,Enseignant,695222017,Toulouse 31000 - France,team2.jpg
1018,GUICHARD  ,Myranda    ,myranda.guichard@exmpmail.com   ,1964-12-04    ,password    ,2014-12-13      ,Enseignant,695222018,Lyon 69000 - France,team3.jpg
1019,BRETON    ,Caspar     ,caspar.breton@exmpmail.com      ,1976-01-28    ,password    ,2016-09-02      ,Enseignant,695222019,Lille 59000 - France,team4.jpg
1020,WEBER     ,Sophia     ,sophia.weber@exmpmail.com       ,1980-03-13    ,password    ,2015-12-17      ,Enseignant,695222020,Montpellier 34000 - France,team1.jpg
1021,DANIEL    ,Joni       ,joni.daniel@exmpmail.com       ,1966-01-01    ,password    ,2016-01-12      ,Enseignant,695222021,Bordeaux 33000 - France,team2.jpg
1022,PERRET    ,Annas      ,annas.perret@exmpmail.com       ,1978-01-31    ,password    ,2016-01-20      ,Enseignant,695222022,Toulouse 31000 - France,team3.jpg
1023,PERRIER   ,Diogenes   ,diogenes.perrier@exmpmail.com   ,1971-09-13    ,password    ,2015-04-07      ,Enseignant,695222023,Lyon 69000 - France,team4.jpg
1024,POIRIER   ,Della      ,della.poirier@exmpmail.com      ,1961-06-26    ,password    ,2014-03-19      ,Enseignant,695222024,Lille 59000 - France,team1.jpg
1025,HAMON     ,Vico       ,vico.hamon@exmpmail.com         ,1968-11-18    ,password    ,2014-10-09      ,Enseignant,695222025,Montpellier 34000 - France,team2.jpg
1026,BERTIN    ,Nicola     ,nicola.bertin@exmpmail.com     ,1977-10-17    ,password    ,2014-04-20      ,Enseignant,695222026,Bordeaux 33000 - France,team3.jpg
1027,LOPEZ     ,Mari       ,mari.lopez@exmpmail.com         ,1987-10-29    ,password    ,2014-05-07      ,Enseignant,695222027,Toulouse 31000 - France,team4.jpg
1028,ADAM      ,Beauregard ,beauregard.adam@exmpmail.com    ,1983-10-14    ,password    ,2014-07-22      ,Enseignant,695222028,Lyon 69000 - France,team1.jpg
1029,HERVE     ,Teodors    ,teodors.herve@exmpmail.com      ,1976-08-19    ,password    ,2016-07-07      ,Enseignant,695222029,Lille 59000 - France,team2.jpg
1030,BAILLY    ,Hajnalka   ,hajnalka.bailly@exmpmail.com    ,1990-06-30    ,password    ,2014-01-12      ,Enseignant,695222030,Montpellier 34000 - France,team3.jpg
1031,GAY       ,Africa     ,africa.gay@exmpmail.com         ,1965-07-24    ,password    ,2016-04-24      ,Enseignant,695222031,Bordeaux 33000 - France,team4.jpg
1032,GUILLOT   ,Mattia     ,mattia.guillot@exmpmail.com     ,1973-01-16    ,password    ,2014-12-20      ,Enseignant,695222032,Toulouse 31000 - France,team1.jpg
1033,HAMON     ,Oz         ,oz.hamon@exmpmail.com          ,1978-01-11    ,password    ,2014-01-13      ,Enseignant,695222033,Lyon 69000 - France,team2.jpg
1034,SANCHEZ   ,Gudrun     ,gudrun.sanchez@exmpmail.com     ,1964-11-28    ,password    ,2014-11-25      ,Enseignant,695222034,Lille 59000 - France,team3.jpg
1035,MAILLARD  ,Zain       ,zain.maillard@exmpmail.com      ,1966-06-24    ,password    ,2015-11-08      ,Enseignant,695222035,Montpellier 34000 - France,team4.jpg
1036,DUPUIS    ,Ofelia     ,ofelia.dupuis@exmpmail.com      ,1982-06-24    ,password    ,2014-12-14      ,Enseignant,695222036,Bordeaux 33000 - France,team1.jpg
1037,LOUIS     ,Feidhelm   ,feidhelm.louis@exmpmail.com     ,1964-01-29    ,password    ,2014-05-20      ,Enseignant,695222037,Toulouse 31000 - France,team2.jpg
1038,LECOMTE   ,Malene     ,malene.lecomte@exmpmail.com     ,1975-03-22    ,password    ,2013-12-23      ,Enseignant,695222038,Lyon 69000 - France,team3.jpg
1039,HUBERT    ,Krysia     ,krysia.hubert@exmpmail.com      ,1973-03-25    ,password    ,2015-03-06      ,Enseignant,695222039,Lille 59000 - France,team4.jpg
1040,HUET      ,Ganesha    ,ganesha.huet@exmpmail.com       ,1991-05-15    ,password    ,2015-06-25      ,Enseignant,695222040,Montpellier 34000 - France,team1.jpg
1041,RODRIGUEZ ,Noam       ,noam.rodriguez@exmpmail.com     ,1979-03-27    ,password    ,2013-12-05      ,Enseignant,695222041,Bordeaux 33000 - France,team2.jpg
1042,LEGER     ,Lyydia     ,lyydia.leger@exmpmail.com       ,1981-06-19    ,password    ,2013-12-10      ,Enseignant,695222042,Toulouse 31000 - France,team3.jpg
1043,BERTIN    ,Coline     ,coline.bertin@exmpmail.com      ,1974-04-26    ,password    ,2016-05-29      ,Enseignant,695222043,Lyon 69000 - France,team4.jpg
1044,PERRET    ,Janne      ,janne.perret@exmpmail.com      ,1960-01-15    ,password    ,2014-12-07      ,Enseignant,695222044,Lille 59000 - France,team1.jpg
1045,AUBRY     ,Euthalia   ,euthalia.aubry@exmpmail.com     ,1985-09-27    ,password    ,2015-12-20      ,Enseignant,695222045,Montpellier 34000 - France,team2.jpg
1046,DUPUIS    ,Deepali    ,deepali.dupuis@exmpmail.com     ,1965-12-06    ,password    ,2015-08-11      ,Enseignant,695222046,Bordeaux 33000 - France,team3.jpg
1047,PEREZ     ,Muhsin     ,muhsin.perez@exmpmail.com       ,1969-06-12    ,password    ,2015-03-11      ,Enseignant,695222047,Toulouse 31000 - France,team4.jpg
1048,LAMY      ,Maynerd    ,maynerd.lamy@exmpmail.com       ,1968-12-05    ,password    ,2014-12-09      ,Enseignant,695222048,Lyon 69000 - France,team1.jpg
1049,COLLET    ,Balthasar  ,balthasar.collet@exmpmail.com   ,1968-06-19    ,password    ,2015-12-01      ,Enseignant,695222049,Lille 59000 - France,team2.jpg
1050,ROYER     ,Valora     ,valora.royer@exmpmail.com       ,1983-04-27    ,password    ,2013-12-27      ,Enseignant,695222050,Montpellier 34000 - France,team3.jpg
1051,PELLETIER ,Brandie    ,brandie.pelletier@exmpmail.com  ,1990-12-09    ,password    ,2015-12-10      ,Enseignant,695222051,Bordeaux 33000 - France,team4.jpg
1052,ADAM      ,Digby      ,digby.adam@exmpmail.com         ,1969-09-15    ,password    ,2016-10-30      ,Enseignant,695222052,Toulouse 31000 - France,team1.jpg
1053,LEJEUNE   ,France     ,france.lejeune@exmpmail.com     ,1978-10-15    ,password    ,2014-04-20      ,Enseignant,695222053,Lyon 69000 - France,team2.jpg
1054,PELLETIER ,Tamara     ,tamara.pelletier@exmpmail.com   ,1971-08-21    ,password    ,2016-05-03      ,Enseignant,695222054,Lille 59000 - France,team3.jpg
1055,POULAIN   ,Deeann     ,deeann.poulain@exmpmail.com     ,1987-01-08    ,password    ,2015-01-24      ,Enseignant,695222055,Montpellier 34000 - France,team4.jpg
1056,BERTIN    ,Mihael     ,mihael.bertin@exmpmail.com      ,1983-02-14    ,password    ,2015-04-01      ,Enseignant,695222056,Bordeaux 33000 - France,team1.jpg
1057,JEAN      ,Bahiyya    ,bahiyya.jean@exmpmail.com       ,1960-04-24    ,password    ,2015-11-14      ,Enseignant,695222057,Toulouse 31000 - France,team2.jpg
1058,BOUCHET   ,Sherlock   ,sherlock.bouchet@exmpmail.com   ,1967-02-01    ,password    ,2015-10-15      ,Enseignant,695222058,Lyon 69000 - France,team3.jpg
1059,MILLET    ,Star       ,star.millet@exmpmail.com        ,1976-08-11    ,password    ,2014-10-19      ,Enseignant,695222059,Lille 59000 - France,team4.jpg
1060,LOPEZ     ,Yvette     ,yvette.lopez@exmpmail.com       ,1986-11-28    ,password    ,2016-01-03      ,Enseignant,695222060,Montpellier 34000 - France,team1.jpg
1061,MARTY     ,Dung       ,dung.marty@exmpmail.com         ,1979-02-24    ,password    ,2015-08-15      ,Enseignant,695222061,Bordeaux 33000 - France,team2.jpg
1062,ADAM      ,Abdul-aziz ,abdul-aziz.adam@exmpmail.com    ,1978-11-13    ,password    ,2014-07-13      ,Enseignant,695222062,Toulouse 31000 - France,team3.jpg
1063,REYNAUD   ,Comfort    ,comfort.reynaud@exmpmail.com    ,1964-09-12    ,password    ,2016-04-04      ,Enseignant,695222063,Lyon 69000 - France,team4.jpg
1064,LE GALL   ,Travers    ,travers.le gall@exmpmail.com    ,1975-05-28    ,password    ,2015-03-11      ,Enseignant,695222064,Lille 59000 - France,team1.jpg
1065,GUICHARD  ,Thaddeus   ,thaddeus.guichard@exmpmail.com  ,1973-11-12    ,password    ,2016-06-02      ,Enseignant,695222065,Montpellier 34000 - France,team2.jpg
1066,HAMON     ,Deanne     ,deanne.hamon@exmpmail.com       ,1979-03-26    ,password    ,2014-01-23      ,Enseignant,695222066,Bordeaux 33000 - France,team3.jpg
1067,GILBERT   ,Rafiq      ,rafiq.gilbert@exmpmail.com      ,1989-10-12    ,password    ,2015-08-31      ,Enseignant,695222067,Toulouse 31000 - France,team4.jpg
1068,JACQUET   ,Juha       ,juha.jacquet@exmpmail.com       ,1970-08-14    ,password    ,2015-06-03      ,Enseignant,695222068,Lyon 69000 - France,team1.jpg
1069,BENARD    ,Concetto   ,concetto.benard@exmpmail.com    ,1981-09-11    ,password    ,2013-12-11      ,Enseignant,695222069,Lille 59000 - France,team2.jpg
1070,LANGLOIS  ,Olle       ,olle.langlois@exmpmail.com      ,1968-12-20    ,password    ,2014-06-22      ,Enseignant,695222070,Montpellier 34000 - France,team3.jpg
1071,HOARAU    ,Gretta     ,gretta.hoarau@exmpmail.com      ,1983-06-09    ,password    ,2015-07-09      ,Enseignant,695222071,Bordeaux 33000 - France,team4.jpg
1072,MICHAUD   ,Straton    ,straton.michaud@exmpmail.com    ,1985-09-02    ,password    ,2014-08-28      ,Enseignant,695222072,Toulouse 31000 - France,team1.jpg
1073,MONNIER   ,Hanaa      ,hanaa.monnier@exmpmail.com      ,1966-02-01    ,password    ,2015-02-02      ,Enseignant,695222073,Lyon 69000 - France,team2.jpg
1074,BAILLY    ,Hartmut    ,hartmut.bailly@exmpmail.com     ,1989-06-20    ,password    ,2016-04-23      ,Enseignant,695222074,Lille 59000 - France,team3.jpg
1075,LANGLOIS  ,Maximiano  ,maximiano.langlois@exmpmail.com ,1971-06-03    ,password    ,2016-06-20      ,Enseignant,695222075,Montpellier 34000 - France,team4.jpg
1076,HUBERT    ,Todd       ,todd.hubert@exmpmail.com        ,1979-02-06    ,password    ,2014-05-22      ,Enseignant,695222076,Bordeaux 33000 - France,team1.jpg
1077,REMY      ,Sheenagh   ,sheenagh.remy@exmpmail.com      ,1966-06-13    ,password    ,2014-10-04      ,Enseignant,695222077,Toulouse 31000 - France,team2.jpg
1078,JEAN      ,Dagmar     ,dagmar.jean@exmpmail.com        ,1963-03-22    ,password    ,2016-10-15      ,Enseignant,695222078,Lyon 69000 - France,team3.jpg
1079,BAILLY    ,Sohrab     ,sohrab.bailly@exmpmail.com      ,1983-07-15    ,password    ,2015-06-09      ,Enseignant,695222079,Lille 59000 - France,team4.jpg
1080,LOUIS     ,Richard    ,richard.louis@exmpmail.com      ,1989-03-27    ,password    ,2016-10-12      ,Enseignant,695222080,Montpellier 34000 - France,team1.jpg
1081,MICHAUD   ,Janne      ,janne.michaud@exmpmail.com     ,1966-12-18    ,password    ,2014-03-21      ,Enseignant,695222081,Bordeaux 33000 - France,team2.jpg
1082,GUICHARD  ,Edom       ,edom.guichard@exmpmail.com      ,1989-04-21    ,password    ,2015-03-11      ,Enseignant,695222082,Toulouse 31000 - France,team3.jpg
1083,PERRET    ,Ignacz     ,ignacz.perret@exmpmail.com      ,1967-03-25    ,password    ,2016-04-08      ,Enseignant,695222083,Lyon 69000 - France,team4.jpg
1084,COUSIN    ,Rosalin    ,rosalin.cousin@exmpmail.com     ,1981-03-13    ,password    ,2014-03-17      ,Enseignant,695222084,Lille 59000 - France,team1.jpg
1085,GAY       ,Ekaterina  ,ekaterina.gay@exmpmail.com      ,1969-06-07    ,password    ,2014-11-01      ,Enseignant,695222085,Montpellier 34000 - France,team2.jpg
1086,CHARLES   ,Ekaterina  ,ekaterina.charles@exmpmail.com  ,1971-03-06    ,password    ,2016-08-11      ,Enseignant,695222086,Bordeaux 33000 - France,team3.jpg
1087,DANIEL    ,Bronislaw  ,bronislaw.daniel@exmpmail.com   ,1961-01-07    ,password    ,2015-12-23      ,Enseignant,695222087,Toulouse 31000 - France,team4.jpg
1088,MARTY     ,Gertruida  ,gertruida.marty@exmpmail.com    ,1985-12-11    ,password    ,2015-04-12      ,Enseignant,695222088,Lyon 69000 - France,team1.jpg
1089,MONNIER   ,Kyung-soon ,kyung-soon.monnier@exmpmail.com ,1989-10-27    ,password    ,2013-12-04      ,Enseignant,695222089,Lille 59000 - France,team2.jpg
1090,MAILLARD  ,Jaffe      ,jaffe.maillard@exmpmail.com     ,1972-02-16    ,password    ,2016-06-27      ,Enseignant,695222090,Montpellier 34000 - France,team3.jpg
1091,POIRIER   ,Volya      ,volya.poirier@exmpmail.com      ,1984-10-18    ,password    ,2015-03-04      ,Enseignant,695222091,Bordeaux 33000 - France,team4.jpg
1092,MALLET    ,Faivish    ,faivish.mallet@exmpmail.com     ,1980-06-03    ,password    ,2014-07-17      ,Enseignant,695222092,Toulouse 31000 - France,team1.jpg
1093,LEVEQUE   ,Theirn     ,theirn.leveque@exmpmail.com     ,1979-06-24    ,password    ,2015-11-26      ,Enseignant,695222093,Lyon 69000 - France,team2.jpg
1094,LEBRUN    ,Ragnfrid   ,ragnfrid.lebrun@exmpmail.com    ,1988-09-08    ,password    ,2016-04-29      ,Enseignant,695222094,Lille 59000 - France,team3.jpg
1095,LEGER     ,Sacheverell,sacheverell.leger@exmpmail.com  ,1973-02-03    ,password    ,2014-03-13      ,Enseignant,695222095,Montpellier 34000 - France,team4.jpg
1096,LEMAITRE  ,Varya      ,varya.lemaitre@exmpmail.com     ,1968-08-23    ,password    ,2015-08-26      ,Enseignant,695222096,Bordeaux 33000 - France,team1.jpg
1097,BRETON    ,Uthman     ,uthman.breton@exmpmail.com      ,1987-09-05    ,password    ,2016-06-15      ,Enseignant,695222097,Toulouse 31000 - France,team2.jpg
1098,HOARAU    ,Maeva      ,maeva.hoarau@exmpmail.com       ,1990-05-18    ,password    ,2016-10-22      ,Enseignant,695222098,Lyon 69000 - France,team3.jpg
1099,BOUCHER   ,Seren      ,seren.boucher@exmpmail.com      ,1986-04-29    ,password    ,2016-08-11      ,Enseignant,695222099,Lille 59000 - France,team4.jpg
