date_inscription,date_realisation,proposition_cours,participant,duree,etat
2017-09-07      ,2017-09-08      ,2000             ,706        ,2    ,1
2017-09-08      ,2017-09-09      ,2001             ,990        ,3    ,1
2017-09-13      ,2017-09-14      ,2002             ,678        ,1    ,1
2017-09-13      ,2017-09-14      ,2003             ,71         ,3    ,1
2017-09-07      ,2017-09-08      ,2004             ,98         ,1    ,1
2017-09-09      ,2017-09-10      ,2005             ,241        ,1    ,1
2017-09-07      ,2017-09-08      ,2006             ,725        ,3    ,1
2017-09-07      ,2017-09-08      ,2007             ,56         ,3    ,1
2017-09-10      ,2017-09-11      ,2008             ,95         ,3    ,1
2017-09-11      ,2017-09-12      ,2009             ,743        ,1    ,1
2017-09-11      ,2017-09-12      ,2010             ,294        ,1    ,1
2017-09-10      ,2017-09-11      ,2011             ,655        ,2    ,1
2017-09-11      ,2017-09-12      ,2012             ,634        ,2    ,1
2017-09-12      ,2017-09-13      ,2013             ,469        ,3    ,1
2017-09-11      ,2017-09-12      ,2014             ,718        ,1    ,1
2017-09-08      ,2017-09-09      ,2015             ,701        ,1    ,1
2017-09-12      ,2017-09-13      ,2016             ,110        ,3    ,1
2017-09-08      ,2017-09-09      ,2017             ,508        ,3    ,1
2017-09-12      ,2017-09-13      ,2018             ,237        ,3    ,1
2017-09-07      ,2017-09-08      ,2019             ,628        ,2    ,1
2017-09-13      ,2017-09-14      ,2020             ,395        ,3    ,1
2017-09-08      ,2017-09-09      ,2021             ,12         ,1    ,1
2017-09-10      ,2017-09-11      ,2022             ,309        ,3    ,1
2017-09-10      ,2017-09-11      ,2023             ,255        ,1    ,1
2017-09-07      ,2017-09-08      ,2024             ,791        ,3    ,1
2017-09-07      ,2017-09-08      ,2025             ,615        ,2    ,1
2017-09-13      ,2017-09-14      ,2026             ,905        ,3    ,1
2017-09-11      ,2017-09-12      ,2027             ,151        ,2    ,1
2017-09-07      ,2017-09-08      ,2028             ,812        ,1    ,1
2017-09-10      ,2017-09-11      ,2029             ,81         ,3    ,1
2017-09-09      ,2017-09-10      ,2030             ,438        ,2    ,1
2017-09-13      ,2017-09-14      ,2031             ,823        ,1    ,1
2017-09-08      ,2017-09-09      ,2032             ,298        ,1    ,1
2017-09-09      ,2017-09-10      ,2033             ,816        ,1    ,1
2017-09-07      ,2017-09-08      ,2034             ,598        ,3    ,1
2017-09-08      ,2017-09-09      ,2035             ,480        ,1    ,1
2017-09-13      ,2017-09-14      ,2036             ,336        ,3    ,1
2017-09-11      ,2017-09-12      ,2037             ,679        ,1    ,1
2017-09-13      ,2017-09-14      ,2038             ,455        ,2    ,1
2017-09-09      ,2017-09-10      ,2039             ,288        ,2    ,1
2017-09-07      ,2017-09-08      ,2040             ,855        ,3    ,1
2017-09-08      ,2017-09-09      ,2041             ,521        ,3    ,1
2017-09-08      ,2017-09-09      ,2042             ,503        ,1    ,1
2017-09-13      ,2017-09-14      ,2043             ,342        ,2    ,1
2017-09-12      ,2017-09-13      ,2044             ,559        ,3    ,1
2017-09-08      ,2017-09-09      ,2045             ,864        ,3    ,1
2017-09-07      ,2017-09-08      ,2046             ,92         ,1    ,1
2017-09-12      ,2017-09-13      ,2047             ,307        ,3    ,1
2017-09-09      ,2017-09-10      ,2048             ,932        ,1    ,1
2017-09-11      ,2017-09-12      ,2049             ,211        ,3    ,1
2017-09-10      ,2017-09-11      ,2050             ,908        ,1    ,1
2017-09-09      ,2017-09-10      ,2051             ,350        ,3    ,1
2017-09-12      ,2017-09-13      ,2052             ,622        ,1    ,1
2017-09-13      ,2017-09-14      ,2053             ,717        ,2    ,1
2017-09-09      ,2017-09-10      ,2054             ,491        ,3    ,1
2017-09-13      ,2017-09-14      ,2055             ,125        ,2    ,1
2017-09-11      ,2017-09-12      ,2056             ,180        ,3    ,1
2017-09-07      ,2017-09-08      ,2057             ,447        ,1    ,1
2017-09-07      ,2017-09-08      ,2058             ,596        ,2    ,1
2017-09-11      ,2017-09-12      ,2059             ,266        ,2    ,1
2017-09-12      ,2017-09-13      ,2060             ,410        ,2    ,1
2017-09-13      ,2017-09-14      ,2061             ,277        ,2    ,1
2017-09-13      ,2017-09-14      ,2062             ,703        ,3    ,1
2017-09-12      ,2017-09-13      ,2063             ,350        ,3    ,1
2017-09-12      ,2017-09-13      ,2064             ,843        ,3    ,1
2017-09-08      ,2017-09-09      ,2065             ,864        ,2    ,1
2017-09-10      ,2017-09-11      ,2066             ,503        ,1    ,1
2017-09-08      ,2017-09-09      ,2067             ,822        ,3    ,1
2017-09-08      ,2017-09-09      ,2068             ,820        ,1    ,1
2017-09-13      ,2017-09-14      ,2069             ,772        ,1    ,1
2017-09-07      ,2017-09-08      ,2070             ,338        ,3    ,1
2017-09-08      ,2017-09-09      ,2071             ,229        ,3    ,1
2017-09-09      ,2017-09-10      ,2072             ,941        ,1    ,1
2017-09-11      ,2017-09-12      ,2073             ,210        ,1    ,1
2017-09-08      ,2017-09-09      ,2074             ,76         ,1    ,1
2017-09-10      ,2017-09-11      ,2075             ,242        ,1    ,1
2017-09-09      ,2017-09-10      ,2076             ,361        ,1    ,1
2017-09-13      ,2017-09-14      ,2077             ,34         ,3    ,1
2017-09-08      ,2017-09-09      ,2078             ,164        ,1    ,1
2017-09-12      ,2017-09-13      ,2079             ,188        ,1    ,1
2017-09-09      ,2017-09-10      ,2080             ,808        ,2    ,1
2017-09-11      ,2017-09-12      ,2081             ,869        ,3    ,1
2017-09-09      ,2017-09-10      ,2082             ,159        ,1    ,1
2017-09-10      ,2017-09-11      ,2083             ,929        ,2    ,1
2017-09-10      ,2017-09-11      ,2084             ,230        ,1    ,1
2017-09-13      ,2017-09-14      ,2085             ,496        ,3    ,1
2017-09-07      ,2017-09-08      ,2086             ,610        ,2    ,1
2017-09-12      ,2017-09-13      ,2087             ,499        ,2    ,1
2017-09-07      ,2017-09-08      ,2088             ,56         ,1    ,1
2017-09-12      ,2017-09-13      ,2089             ,819        ,2    ,1
2017-09-08      ,2017-09-09      ,2090             ,402        ,1    ,1
2017-09-08      ,2017-09-09      ,2091             ,428        ,1    ,1
2017-09-09      ,2017-09-10      ,2092             ,980        ,2    ,1
2017-09-11      ,2017-09-12      ,2093             ,851        ,1    ,1
2017-09-10      ,2017-09-11      ,2094             ,255        ,1    ,1
2017-09-12      ,2017-09-13      ,2095             ,595        ,3    ,1
2017-09-08      ,2017-09-09      ,2096             ,390        ,1    ,1
2017-09-13      ,2017-09-14      ,2097             ,519        ,2    ,1
2017-09-12      ,2017-09-13      ,2098             ,387        ,3    ,1
2017-09-13      ,2017-09-14      ,2099             ,247        ,1    ,1
2017-09-10      ,2017-09-11      ,2100             ,679        ,3    ,1
2017-09-08      ,2017-09-09      ,2101             ,449        ,3    ,1
2017-09-11      ,2017-09-12      ,2102             ,696        ,3    ,1
2017-09-07      ,2017-09-08      ,2103             ,550        ,2    ,1
2017-09-10      ,2017-09-11      ,2104             ,783        ,3    ,1
2017-09-09      ,2017-09-10      ,2105             ,546        ,1    ,1
2017-09-08      ,2017-09-09      ,2106             ,885        ,2    ,1
2017-09-11      ,2017-09-12      ,2107             ,965        ,3    ,1
2017-09-13      ,2017-09-14      ,2108             ,349        ,3    ,1
2017-09-11      ,2017-09-12      ,2109             ,942        ,3    ,1
2017-09-13      ,2017-09-14      ,2110             ,46         ,1    ,1
2017-09-08      ,2017-09-09      ,2111             ,956        ,2    ,1
2017-09-08      ,2017-09-09      ,2112             ,261        ,2    ,1
2017-09-09      ,2017-09-10      ,2113             ,55         ,3    ,1
2017-09-09      ,2017-09-10      ,2114             ,724        ,3    ,1
2017-09-10      ,2017-09-11      ,2115             ,348        ,3    ,1
2017-09-13      ,2017-09-14      ,2116             ,558        ,3    ,1
2017-09-09      ,2017-09-10      ,2117             ,905        ,3    ,1
2017-09-11      ,2017-09-12      ,2118             ,951        ,2    ,1
2017-09-11      ,2017-09-12      ,2119             ,150        ,3    ,1
2017-09-07      ,2017-09-08      ,2120             ,579        ,3    ,1
2017-09-09      ,2017-09-10      ,2121             ,333        ,2    ,1
2017-09-11      ,2017-09-12      ,2122             ,712        ,2    ,1
2017-09-11      ,2017-09-12      ,2123             ,878        ,1    ,1
2017-09-11      ,2017-09-12      ,2124             ,801        ,2    ,1
2017-09-09      ,2017-09-10      ,2125             ,276        ,3    ,1
2017-09-10      ,2017-09-11      ,2126             ,374        ,1    ,1
2017-09-08      ,2017-09-09      ,2127             ,579        ,3    ,1
2017-09-08      ,2017-09-09      ,2128             ,290        ,1    ,1
2017-09-12      ,2017-09-13      ,2129             ,970        ,2    ,1
2017-09-11      ,2017-09-12      ,2130             ,435        ,2    ,1
2017-09-12      ,2017-09-13      ,2131             ,830        ,1    ,1
2017-09-13      ,2017-09-14      ,2132             ,307        ,1    ,1
2017-09-08      ,2017-09-09      ,2133             ,140        ,3    ,1
2017-09-12      ,2017-09-13      ,2134             ,465        ,2    ,1
2017-09-09      ,2017-09-10      ,2135             ,449        ,2    ,1
2017-09-12      ,2017-09-13      ,2136             ,316        ,3    ,1
2017-09-11      ,2017-09-12      ,2137             ,759        ,3    ,1
2017-09-09      ,2017-09-10      ,2138             ,841        ,3    ,1
2017-09-08      ,2017-09-09      ,2139             ,156        ,1    ,1
2017-09-08      ,2017-09-09      ,2140             ,907        ,3    ,1
2017-09-10      ,2017-09-11      ,2141             ,775        ,3    ,1
2017-09-12      ,2017-09-13      ,2142             ,632        ,3    ,1
2017-09-11      ,2017-09-12      ,2143             ,968        ,1    ,1
2017-09-11      ,2017-09-12      ,2144             ,123        ,1    ,1
2017-09-09      ,2017-09-10      ,2145             ,852        ,3    ,1
2017-09-08      ,2017-09-09      ,2146             ,855        ,2    ,1
2017-09-11      ,2017-09-12      ,2147             ,259        ,2    ,1
2017-09-13      ,2017-09-14      ,2148             ,515        ,3    ,1
2017-09-11      ,2017-09-12      ,2149             ,58         ,1    ,1
2017-09-11      ,2017-09-12      ,2150             ,807        ,1    ,1
2017-09-13      ,2017-09-14      ,2151             ,429        ,1    ,1
2017-09-08      ,2017-09-09      ,2152             ,562        ,1    ,1
2017-09-13      ,2017-09-14      ,2153             ,157        ,1    ,1
2017-09-12      ,2017-09-13      ,2154             ,234        ,3    ,1
2017-09-13      ,2017-09-14      ,2155             ,729        ,2    ,1
2017-09-08      ,2017-09-09      ,2156             ,257        ,3    ,1
2017-09-12      ,2017-09-13      ,2157             ,509        ,1    ,1
2017-09-12      ,2017-09-13      ,2158             ,224        ,1    ,1
2017-09-10      ,2017-09-11      ,2159             ,130        ,3    ,1
2017-09-13      ,2017-09-14      ,2160             ,333        ,3    ,1
2017-09-09      ,2017-09-10      ,2161             ,350        ,3    ,1
2017-09-13      ,2017-09-14      ,2162             ,892        ,3    ,1
2017-09-11      ,2017-09-12      ,2163             ,65         ,1    ,1
2017-09-08      ,2017-09-09      ,2164             ,962        ,3    ,1
2017-09-13      ,2017-09-14      ,2165             ,776        ,2    ,1
2017-09-07      ,2017-09-08      ,2166             ,246        ,2    ,1
2017-09-08      ,2017-09-09      ,2167             ,958        ,1    ,1
2017-09-09      ,2017-09-10      ,2168             ,798        ,1    ,1
2017-09-09      ,2017-09-10      ,2169             ,570        ,1    ,1
2017-09-11      ,2017-09-12      ,2170             ,810        ,1    ,1
2017-09-09      ,2017-09-10      ,2171             ,647        ,3    ,1
2017-09-13      ,2017-09-14      ,2172             ,366        ,2    ,1
2017-09-10      ,2017-09-11      ,2173             ,430        ,3    ,1
2017-09-13      ,2017-09-14      ,2174             ,774        ,3    ,1
2017-09-12      ,2017-09-13      ,2175             ,294        ,3    ,1
2017-09-13      ,2017-09-14      ,2176             ,218        ,1    ,1
2017-09-12      ,2017-09-13      ,2177             ,772        ,1    ,1
2017-09-08      ,2017-09-09      ,2178             ,68         ,3    ,1
2017-09-13      ,2017-09-14      ,2179             ,397        ,1    ,1
2017-09-10      ,2017-09-11      ,2180             ,698        ,1    ,1
2017-09-10      ,2017-09-11      ,2181             ,67         ,2    ,1
2017-09-09      ,2017-09-10      ,2182             ,688        ,2    ,1
2017-09-09      ,2017-09-10      ,2183             ,835        ,3    ,1
2017-09-08      ,2017-09-09      ,2184             ,11         ,2    ,1
2017-09-09      ,2017-09-10      ,2185             ,535        ,1    ,1
2017-09-11      ,2017-09-12      ,2186             ,715        ,3    ,1
2017-09-08      ,2017-09-09      ,2187             ,239        ,2    ,1
2017-09-12      ,2017-09-13      ,2188             ,21         ,1    ,1
2017-09-13      ,2017-09-14      ,2189             ,3          ,1    ,1
2017-09-08      ,2017-09-09      ,2190             ,376        ,3    ,1
2017-09-08      ,2017-09-09      ,2191             ,229        ,3    ,1
2017-09-11      ,2017-09-12      ,2192             ,522        ,3    ,1
2017-09-07      ,2017-09-08      ,2193             ,47         ,1    ,1
2017-09-09      ,2017-09-10      ,2194             ,897        ,2    ,1
2017-09-11      ,2017-09-12      ,2195             ,655        ,2    ,1
2017-09-08      ,2017-09-09      ,2196             ,629        ,3    ,1
2017-09-08      ,2017-09-09      ,2197             ,668        ,2    ,1
2017-09-07      ,2017-09-08      ,2198             ,781        ,3    ,1
2017-09-08      ,2017-09-09      ,2199             ,850        ,2    ,1
2017-09-07      ,2017-09-08      ,2200             ,138        ,3    ,1
2017-09-13      ,2017-09-14      ,2201             ,656        ,3    ,1
2017-09-09      ,2017-09-10      ,2202             ,985        ,2    ,1
2017-09-12      ,2017-09-13      ,2203             ,53         ,2    ,1
2017-09-13      ,2017-09-14      ,2204             ,23         ,3    ,1
2017-09-09      ,2017-09-10      ,2205             ,644        ,1    ,1
2017-09-08      ,2017-09-09      ,2206             ,814        ,1    ,1
2017-09-11      ,2017-09-12      ,2207             ,922        ,3    ,1
2017-09-12      ,2017-09-13      ,2208             ,411        ,2    ,1
2017-09-10      ,2017-09-11      ,2209             ,663        ,2    ,1
2017-09-07      ,2017-09-08      ,2210             ,14         ,2    ,1
2017-09-09      ,2017-09-10      ,2211             ,974        ,2    ,1
2017-09-12      ,2017-09-13      ,2212             ,789        ,2    ,1
2017-09-13      ,2017-09-14      ,2213             ,965        ,2    ,1
2017-09-11      ,2017-09-12      ,2214             ,845        ,1    ,1
2017-09-08      ,2017-09-09      ,2215             ,836        ,1    ,1
2017-09-07      ,2017-09-08      ,2216             ,750        ,3    ,1
2017-09-13      ,2017-09-14      ,2217             ,836        ,1    ,1
2017-09-08      ,2017-09-09      ,2218             ,160        ,3    ,1
2017-09-10      ,2017-09-11      ,2219             ,100        ,1    ,1
2017-09-10      ,2017-09-11      ,2220             ,991        ,1    ,1
2017-09-13      ,2017-09-14      ,2221             ,600        ,2    ,1
2017-09-12      ,2017-09-13      ,2222             ,458        ,1    ,1
2017-09-08      ,2017-09-09      ,2223             ,171        ,1    ,1
2017-09-07      ,2017-09-08      ,2224             ,692        ,2    ,1
2017-09-12      ,2017-09-13      ,2225             ,94         ,1    ,1
2017-09-08      ,2017-09-09      ,2226             ,982        ,1    ,1
2017-09-07      ,2017-09-08      ,2227             ,862        ,1    ,1
2017-09-09      ,2017-09-10      ,2228             ,494        ,2    ,1
2017-09-11      ,2017-09-12      ,2229             ,438        ,3    ,1
2017-09-10      ,2017-09-11      ,2230             ,278        ,1    ,1
2017-09-08      ,2017-09-09      ,2231             ,645        ,2    ,1
2017-09-10      ,2017-09-11      ,2232             ,898        ,3    ,1
2017-09-09      ,2017-09-10      ,2233             ,105        ,3    ,1
2017-09-13      ,2017-09-14      ,2234             ,22         ,3    ,1
2017-09-11      ,2017-09-12      ,2235             ,416        ,2    ,1
2017-09-08      ,2017-09-09      ,2236             ,29         ,2    ,1
2017-09-09      ,2017-09-10      ,2237             ,118        ,1    ,1
2017-09-07      ,2017-09-08      ,2238             ,913        ,2    ,1
2017-09-13      ,2017-09-14      ,2239             ,498        ,1    ,1
2017-09-11      ,2017-09-12      ,2240             ,24         ,3    ,1
2017-09-11      ,2017-09-12      ,2241             ,628        ,1    ,1
2017-09-13      ,2017-09-14      ,2242             ,745        ,1    ,1
2017-09-07      ,2017-09-08      ,2243             ,937        ,3    ,1
2017-09-07      ,2017-09-08      ,2244             ,208        ,2    ,1
2017-09-08      ,2017-09-09      ,2245             ,864        ,3    ,1
2017-09-12      ,2017-09-13      ,2246             ,836        ,2    ,1
2017-09-10      ,2017-09-11      ,2247             ,193        ,2    ,1
2017-09-07      ,2017-09-08      ,2248             ,864        ,3    ,1
2017-09-11      ,2017-09-12      ,2249             ,368        ,1    ,1
2017-09-08      ,2017-09-09      ,2250             ,331        ,3    ,1
2017-09-08      ,2017-09-09      ,2251             ,681        ,1    ,1
2017-09-07      ,2017-09-08      ,2252             ,946        ,1    ,1
2017-09-07      ,2017-09-08      ,2253             ,58         ,1    ,1
2017-09-11      ,2017-09-12      ,2254             ,976        ,3    ,1
2017-09-07      ,2017-09-08      ,2255             ,351        ,1    ,1
2017-09-10      ,2017-09-11      ,2256             ,744        ,2    ,1
2017-09-07      ,2017-09-08      ,2257             ,626        ,2    ,1
2017-09-09      ,2017-09-10      ,2258             ,208        ,3    ,1
2017-09-12      ,2017-09-13      ,2259             ,80         ,2    ,1
2017-09-09      ,2017-09-10      ,2260             ,525        ,1    ,1
2017-09-11      ,2017-09-12      ,2261             ,614        ,2    ,1
2017-09-13      ,2017-09-14      ,2262             ,107        ,3    ,1
2017-09-07      ,2017-09-08      ,2263             ,560        ,3    ,1
2017-09-12      ,2017-09-13      ,2264             ,760        ,1    ,1
2017-09-10      ,2017-09-11      ,2265             ,118        ,1    ,1
2017-09-13      ,2017-09-14      ,2266             ,957        ,1    ,1
2017-09-13      ,2017-09-14      ,2267             ,372        ,1    ,1
2017-09-07      ,2017-09-08      ,2268             ,127        ,1    ,1
2017-09-13      ,2017-09-14      ,2269             ,737        ,2    ,1
2017-09-11      ,2017-09-12      ,2270             ,498        ,2    ,1
2017-09-12      ,2017-09-13      ,2271             ,739        ,1    ,1
2017-09-07      ,2017-09-08      ,2272             ,391        ,2    ,1
2017-09-12      ,2017-09-13      ,2273             ,366        ,1    ,1
2017-09-11      ,2017-09-12      ,2274             ,660        ,2    ,1
2017-09-12      ,2017-09-13      ,2275             ,445        ,2    ,1
2017-09-11      ,2017-09-12      ,2276             ,820        ,3    ,1
2017-09-13      ,2017-09-14      ,2277             ,584        ,2    ,1
2017-09-09      ,2017-09-10      ,2278             ,138        ,1    ,1
2017-09-09      ,2017-09-10      ,2279             ,500        ,3    ,1
2017-09-07      ,2017-09-08      ,2280             ,103        ,2    ,1
2017-09-07      ,2017-09-08      ,2281             ,768        ,2    ,1
2017-09-12      ,2017-09-13      ,2282             ,377        ,2    ,1
2017-09-11      ,2017-09-12      ,2283             ,635        ,3    ,1
2017-09-10      ,2017-09-11      ,2284             ,2          ,3    ,1
2017-09-11      ,2017-09-12      ,2285             ,177        ,3    ,1
2017-09-09      ,2017-09-10      ,2286             ,622        ,2    ,1
2017-09-09      ,2017-09-10      ,2287             ,663        ,2    ,1
2017-09-10      ,2017-09-11      ,2288             ,887        ,2    ,1
2017-09-08      ,2017-09-09      ,2289             ,542        ,3    ,1
2017-09-10      ,2017-09-11      ,2290             ,314        ,1    ,1
2017-09-13      ,2017-09-14      ,2291             ,169        ,2    ,1
2017-09-10      ,2017-09-11      ,2292             ,421        ,1    ,1
2017-09-08      ,2017-09-09      ,2293             ,494        ,1    ,1
2017-09-12      ,2017-09-13      ,2294             ,86         ,2    ,1
2017-09-07      ,2017-09-08      ,2295             ,130        ,3    ,1
2017-09-12      ,2017-09-13      ,2296             ,607        ,1    ,1
2017-09-09      ,2017-09-10      ,2297             ,831        ,1    ,1
2017-09-08      ,2017-09-09      ,2298             ,440        ,3    ,1
2017-09-10      ,2017-09-11      ,2299             ,457        ,2    ,1
2017-09-11      ,2017-09-12      ,2300             ,724        ,1    ,1
2017-09-12      ,2017-09-13      ,2301             ,919        ,2    ,1
2017-09-07      ,2017-09-08      ,2302             ,327        ,2    ,1
2017-09-08      ,2017-09-09      ,2303             ,500        ,2    ,1
2017-09-07      ,2017-09-08      ,2304             ,94         ,3    ,1
2017-09-09      ,2017-09-10      ,2305             ,964        ,1    ,1
2017-09-07      ,2017-09-08      ,2306             ,786        ,2    ,1
2017-09-13      ,2017-09-14      ,2307             ,552        ,3    ,1
2017-09-13      ,2017-09-14      ,2308             ,423        ,3    ,1
2017-09-07      ,2017-09-08      ,2309             ,134        ,2    ,1
2017-09-08      ,2017-09-09      ,2310             ,902        ,1    ,1
2017-09-08      ,2017-09-09      ,2311             ,86         ,1    ,1
2017-09-10      ,2017-09-11      ,2312             ,196        ,2    ,1
2017-09-13      ,2017-09-14      ,2313             ,566        ,1    ,1
2017-09-09      ,2017-09-10      ,2314             ,186        ,3    ,1
2017-09-07      ,2017-09-08      ,2315             ,710        ,2    ,1
2017-09-12      ,2017-09-13      ,2316             ,457        ,2    ,1
2017-09-13      ,2017-09-14      ,2317             ,429        ,1    ,1
2017-09-10      ,2017-09-11      ,2318             ,390        ,1    ,1
2017-09-08      ,2017-09-09      ,2319             ,320        ,2    ,1
2017-09-13      ,2017-09-14      ,2320             ,910        ,2    ,1
2017-09-07      ,2017-09-08      ,2321             ,110        ,1    ,1
2017-09-11      ,2017-09-12      ,2322             ,836        ,2    ,1
2017-09-07      ,2017-09-08      ,2323             ,778        ,2    ,1
2017-09-07      ,2017-09-08      ,2324             ,292        ,2    ,1
2017-09-07      ,2017-09-08      ,2325             ,342        ,2    ,1
2017-09-09      ,2017-09-10      ,2326             ,527        ,2    ,1
2017-09-11      ,2017-09-12      ,2327             ,667        ,2    ,1
2017-09-08      ,2017-09-09      ,2328             ,471        ,1    ,1
2017-09-09      ,2017-09-10      ,2329             ,182        ,3    ,1
2017-09-13      ,2017-09-14      ,2330             ,273        ,3    ,1
2017-09-12      ,2017-09-13      ,2331             ,754        ,2    ,1
2017-09-08      ,2017-09-09      ,2332             ,802        ,2    ,1
2017-09-08      ,2017-09-09      ,2333             ,872        ,2    ,1
2017-09-07      ,2017-09-08      ,2334             ,833        ,1    ,1
2017-09-09      ,2017-09-10      ,2335             ,142        ,2    ,1
2017-09-08      ,2017-09-09      ,2336             ,228        ,1    ,1
2017-09-08      ,2017-09-09      ,2337             ,1          ,3    ,1
2017-09-09      ,2017-09-10      ,2338             ,815        ,2    ,1
2017-09-08      ,2017-09-09      ,2339             ,814        ,3    ,1
2017-09-07      ,2017-09-08      ,2340             ,109        ,1    ,1
2017-09-10      ,2017-09-11      ,2341             ,710        ,3    ,1
2017-09-12      ,2017-09-13      ,2342             ,693        ,2    ,1
2017-09-09      ,2017-09-10      ,2343             ,406        ,2    ,1
2017-09-13      ,2017-09-14      ,2344             ,768        ,1    ,1
2017-09-07      ,2017-09-08      ,2345             ,404        ,1    ,1
2017-09-12      ,2017-09-13      ,2346             ,152        ,3    ,1
2017-09-10      ,2017-09-11      ,2347             ,332        ,2    ,1
2017-09-08      ,2017-09-09      ,2348             ,631        ,2    ,1
2017-09-07      ,2017-09-08      ,2349             ,983        ,1    ,1
2017-09-08      ,2017-09-09      ,2350             ,765        ,2    ,1
2017-09-11      ,2017-09-12      ,2351             ,724        ,1    ,1
2017-09-09      ,2017-09-10      ,2352             ,26         ,3    ,1
2017-09-07      ,2017-09-08      ,2353             ,422        ,2    ,1
2017-09-09      ,2017-09-10      ,2354             ,337        ,1    ,1
2017-09-11      ,2017-09-12      ,2355             ,530        ,1    ,1
2017-09-08      ,2017-09-09      ,2356             ,26         ,3    ,1
2017-09-07      ,2017-09-08      ,2357             ,388        ,1    ,1
2017-09-07      ,2017-09-08      ,2358             ,407        ,3    ,1
2017-09-11      ,2017-09-12      ,2359             ,173        ,1    ,1
2017-09-11      ,2017-09-12      ,2360             ,516        ,2    ,1
2017-09-11      ,2017-09-12      ,2361             ,115        ,3    ,1
2017-09-11      ,2017-09-12      ,2362             ,631        ,1    ,1
2017-09-12      ,2017-09-13      ,2363             ,356        ,1    ,1
2017-09-11      ,2017-09-12      ,2364             ,131        ,2    ,1
2017-09-07      ,2017-09-08      ,2365             ,970        ,3    ,1
2017-09-09      ,2017-09-10      ,2366             ,180        ,1    ,1
2017-09-09      ,2017-09-10      ,2367             ,181        ,3    ,1
2017-09-09      ,2017-09-10      ,2368             ,299        ,1    ,1
2017-09-11      ,2017-09-12      ,2369             ,527        ,3    ,1
2017-09-09      ,2017-09-10      ,2370             ,745        ,3    ,1
2017-09-08      ,2017-09-09      ,2371             ,79         ,2    ,1
2017-09-12      ,2017-09-13      ,2372             ,493        ,1    ,1
2017-09-10      ,2017-09-11      ,2373             ,402        ,1    ,1
2017-09-08      ,2017-09-09      ,2374             ,127        ,2    ,1
2017-09-07      ,2017-09-08      ,2375             ,195        ,2    ,1
2017-09-10      ,2017-09-11      ,2376             ,374        ,2    ,1
2017-09-10      ,2017-09-11      ,2377             ,318        ,2    ,1
2017-09-12      ,2017-09-13      ,2378             ,731        ,1    ,1
2017-09-11      ,2017-09-12      ,2379             ,657        ,1    ,1
2017-09-11      ,2017-09-12      ,2380             ,39         ,2    ,1
2017-09-12      ,2017-09-13      ,2381             ,985        ,1    ,1
2017-09-08      ,2017-09-09      ,2382             ,598        ,3    ,1
2017-09-09      ,2017-09-10      ,2383             ,783        ,1    ,1
2017-09-12      ,2017-09-13      ,2384             ,237        ,3    ,1
2017-09-07      ,2017-09-08      ,2385             ,256        ,1    ,1
2017-09-13      ,2017-09-14      ,2386             ,628        ,3    ,1
2017-09-08      ,2017-09-09      ,2387             ,127        ,1    ,1
2017-09-11      ,2017-09-12      ,2388             ,399        ,2    ,1
2017-09-07      ,2017-09-08      ,2389             ,757        ,1    ,1
2017-09-07      ,2017-09-08      ,2390             ,283        ,3    ,1
2017-09-13      ,2017-09-14      ,2391             ,400        ,1    ,1
2017-09-10      ,2017-09-11      ,2392             ,487        ,2    ,1
2017-09-07      ,2017-09-08      ,2393             ,762        ,3    ,1
2017-09-11      ,2017-09-12      ,2394             ,843        ,3    ,1
2017-09-11      ,2017-09-12      ,2395             ,413        ,3    ,1
2017-09-10      ,2017-09-11      ,2396             ,246        ,1    ,1
2017-09-11      ,2017-09-12      ,2397             ,637        ,3    ,1
2017-09-12      ,2017-09-13      ,2398             ,276        ,3    ,1
2017-09-07      ,2017-09-08      ,2399             ,281        ,1    ,1
2017-09-08      ,2017-09-09      ,2400             ,258        ,1    ,1
2017-09-11      ,2017-09-12      ,2401             ,470        ,1    ,1
2017-09-11      ,2017-09-12      ,2402             ,279        ,2    ,1
2017-09-11      ,2017-09-12      ,2403             ,974        ,3    ,1
2017-09-12      ,2017-09-13      ,2404             ,211        ,3    ,1
2017-09-12      ,2017-09-13      ,2405             ,42         ,3    ,1
2017-09-11      ,2017-09-12      ,2406             ,815        ,2    ,1
2017-09-11      ,2017-09-12      ,2407             ,60         ,2    ,1
2017-09-08      ,2017-09-09      ,2408             ,955        ,2    ,1
2017-09-10      ,2017-09-11      ,2409             ,317        ,2    ,1
2017-09-12      ,2017-09-13      ,2410             ,3          ,2    ,1
2017-09-07      ,2017-09-08      ,2411             ,138        ,2    ,1
2017-09-07      ,2017-09-08      ,2412             ,480        ,3    ,1
2017-09-11      ,2017-09-12      ,2413             ,91         ,2    ,1
2017-09-13      ,2017-09-14      ,2414             ,20         ,3    ,1
2017-09-10      ,2017-09-11      ,2415             ,231        ,3    ,1
2017-09-09      ,2017-09-10      ,2416             ,35         ,2    ,1
2017-09-07      ,2017-09-08      ,2417             ,221        ,3    ,1
2017-09-09      ,2017-09-10      ,2418             ,698        ,3    ,1
2017-09-13      ,2017-09-14      ,2419             ,968        ,1    ,1
2017-09-09      ,2017-09-10      ,2420             ,869        ,2    ,1
2017-09-10      ,2017-09-11      ,2421             ,47         ,2    ,1
2017-09-10      ,2017-09-11      ,2422             ,627        ,3    ,1
2017-09-08      ,2017-09-09      ,2423             ,753        ,3    ,1
2017-09-08      ,2017-09-09      ,2424             ,626        ,3    ,1
2017-09-09      ,2017-09-10      ,2425             ,90         ,1    ,1
2017-09-07      ,2017-09-08      ,2426             ,910        ,3    ,1
2017-09-11      ,2017-09-12      ,2427             ,987        ,1    ,1
2017-09-13      ,2017-09-14      ,2428             ,96         ,2    ,1
2017-09-13      ,2017-09-14      ,2429             ,492        ,2    ,1
2017-09-10      ,2017-09-11      ,2430             ,803        ,2    ,1
2017-09-07      ,2017-09-08      ,2431             ,231        ,1    ,1
2017-09-12      ,2017-09-13      ,2432             ,98         ,1    ,1
2017-09-07      ,2017-09-08      ,2433             ,200        ,2    ,1
2017-09-12      ,2017-09-13      ,2434             ,613        ,3    ,1
2017-09-09      ,2017-09-10      ,2435             ,668        ,3    ,1
2017-09-12      ,2017-09-13      ,2436             ,117        ,1    ,1
2017-09-07      ,2017-09-08      ,2437             ,133        ,3    ,1
2017-09-08      ,2017-09-09      ,2438             ,19         ,2    ,1
2017-09-07      ,2017-09-08      ,2439             ,919        ,3    ,1
2017-09-12      ,2017-09-13      ,2440             ,754        ,2    ,1
2017-09-12      ,2017-09-13      ,2441             ,559        ,1    ,1
2017-09-12      ,2017-09-13      ,2442             ,424        ,3    ,1
2017-09-11      ,2017-09-12      ,2443             ,998        ,2    ,1
2017-09-11      ,2017-09-12      ,2444             ,969        ,1    ,1
2017-09-09      ,2017-09-10      ,2445             ,87         ,2    ,1
2017-09-09      ,2017-09-10      ,2446             ,785        ,1    ,1
2017-09-13      ,2017-09-14      ,2447             ,396        ,1    ,1
2017-09-09      ,2017-09-10      ,2448             ,660        ,2    ,1
2017-09-08      ,2017-09-09      ,2449             ,861        ,2    ,1
2017-09-11      ,2017-09-12      ,2450             ,447        ,2    ,1
2017-09-10      ,2017-09-11      ,2451             ,120        ,3    ,1
2017-09-08      ,2017-09-09      ,2452             ,837        ,3    ,1
2017-09-10      ,2017-09-11      ,2453             ,7          ,1    ,1
2017-09-13      ,2017-09-14      ,2454             ,212        ,3    ,1
2017-09-13      ,2017-09-14      ,2455             ,91         ,2    ,1
2017-09-10      ,2017-09-11      ,2456             ,490        ,2    ,1
2017-09-09      ,2017-09-10      ,2457             ,873        ,1    ,1
2017-09-12      ,2017-09-13      ,2458             ,823        ,3    ,1
2017-09-13      ,2017-09-14      ,2459             ,4          ,1    ,1
2017-09-12      ,2017-09-13      ,2460             ,25         ,3    ,1
2017-09-07      ,2017-09-08      ,2461             ,606        ,3    ,1
2017-09-11      ,2017-09-12      ,2462             ,654        ,1    ,1
2017-09-07      ,2017-09-08      ,2463             ,698        ,3    ,1
2017-09-10      ,2017-09-11      ,2464             ,665        ,3    ,1
2017-09-10      ,2017-09-11      ,2465             ,771        ,2    ,1
2017-09-08      ,2017-09-09      ,2466             ,348        ,3    ,1
2017-09-12      ,2017-09-13      ,2467             ,887        ,3    ,1
2017-09-07      ,2017-09-08      ,2468             ,878        ,2    ,1
2017-09-10      ,2017-09-11      ,2469             ,15         ,1    ,1
2017-09-13      ,2017-09-14      ,2470             ,793        ,1    ,1
2017-09-11      ,2017-09-12      ,2471             ,942        ,3    ,1
2017-09-07      ,2017-09-08      ,2472             ,660        ,1    ,1
2017-09-12      ,2017-09-13      ,2473             ,870        ,3    ,1
2017-09-11      ,2017-09-12      ,2474             ,976        ,3    ,1
2017-09-08      ,2017-09-09      ,2475             ,84         ,2    ,1
2017-09-13      ,2017-09-14      ,2476             ,421        ,1    ,1
2017-09-10      ,2017-09-11      ,2477             ,435        ,2    ,1
2017-09-09      ,2017-09-10      ,2478             ,227        ,1    ,1
2017-09-11      ,2017-09-12      ,2479             ,562        ,2    ,1
2017-09-08      ,2017-09-09      ,2480             ,208        ,1    ,1
2017-09-09      ,2017-09-10      ,2481             ,515        ,2    ,1
2017-09-11      ,2017-09-12      ,2482             ,189        ,1    ,1
2017-09-09      ,2017-09-10      ,2483             ,753        ,3    ,1
2017-09-10      ,2017-09-11      ,2484             ,675        ,3    ,1
2017-09-11      ,2017-09-12      ,2485             ,273        ,1    ,1
2017-09-10      ,2017-09-11      ,2486             ,649        ,2    ,1
2017-09-09      ,2017-09-10      ,2487             ,363        ,3    ,1
2017-09-09      ,2017-09-10      ,2488             ,1          ,1    ,1
2017-09-11      ,2017-09-12      ,2489             ,894        ,3    ,1
2017-09-07      ,2017-09-08      ,2490             ,474        ,1    ,1
2017-09-10      ,2017-09-11      ,2491             ,967        ,1    ,1
2017-09-09      ,2017-09-10      ,2492             ,77         ,2    ,1
2017-09-13      ,2017-09-14      ,2493             ,417        ,3    ,1
2017-09-13      ,2017-09-14      ,2494             ,746        ,2    ,1
2017-09-12      ,2017-09-13      ,2495             ,68         ,1    ,1
2017-09-11      ,2017-09-12      ,2496             ,25         ,2    ,1
2017-09-09      ,2017-09-10      ,2497             ,299        ,2    ,1
2017-09-08      ,2017-09-09      ,2498             ,821        ,3    ,1
2017-09-08      ,2017-09-09      ,2499             ,880        ,2    ,1
2017-09-13      ,2017-09-14      ,2500             ,873        ,1    ,1
2017-09-12      ,2017-09-13      ,2501             ,757        ,3    ,1
2017-09-08      ,2017-09-09      ,2502             ,392        ,3    ,1
2017-09-07      ,2017-09-08      ,2503             ,594        ,1    ,1
2017-09-13      ,2017-09-14      ,2504             ,70         ,1    ,1
2017-09-09      ,2017-09-10      ,2505             ,108        ,3    ,1
2017-09-13      ,2017-09-14      ,2506             ,266        ,3    ,1
2017-09-08      ,2017-09-09      ,2507             ,417        ,2    ,1
2017-09-07      ,2017-09-08      ,2508             ,70         ,1    ,1
2017-09-09      ,2017-09-10      ,2509             ,979        ,1    ,1
2017-09-13      ,2017-09-14      ,2510             ,124        ,2    ,1
2017-09-07      ,2017-09-08      ,2511             ,277        ,3    ,1
2017-09-09      ,2017-09-10      ,2512             ,119        ,2    ,1
2017-09-07      ,2017-09-08      ,2513             ,467        ,2    ,1
2017-09-13      ,2017-09-14      ,2514             ,128        ,3    ,1
2017-09-07      ,2017-09-08      ,2515             ,386        ,1    ,1
2017-09-12      ,2017-09-13      ,2516             ,476        ,3    ,1
2017-09-10      ,2017-09-11      ,2517             ,39         ,1    ,1
2017-09-07      ,2017-09-08      ,2518             ,23         ,2    ,1
2017-09-09      ,2017-09-10      ,2519             ,211        ,3    ,1
2017-09-08      ,2017-09-09      ,2520             ,82         ,3    ,1
2017-09-10      ,2017-09-11      ,2521             ,552        ,2    ,1
2017-09-12      ,2017-09-13      ,2522             ,54         ,2    ,1
2017-09-09      ,2017-09-10      ,2523             ,519        ,2    ,1
2017-09-11      ,2017-09-12      ,2524             ,463        ,3    ,1
2017-09-08      ,2017-09-09      ,2525             ,552        ,2    ,1
2017-09-08      ,2017-09-09      ,2526             ,311        ,1    ,1
2017-09-08      ,2017-09-09      ,2527             ,130        ,1    ,1
2017-09-13      ,2017-09-14      ,2528             ,623        ,2    ,1
2017-09-09      ,2017-09-10      ,2529             ,122        ,3    ,1
2017-09-07      ,2017-09-08      ,2530             ,269        ,1    ,1
2017-09-13      ,2017-09-14      ,2531             ,35         ,1    ,1
2017-09-10      ,2017-09-11      ,2532             ,924        ,1    ,1
2017-09-11      ,2017-09-12      ,2533             ,901        ,1    ,1
2017-09-11      ,2017-09-12      ,2534             ,907        ,3    ,1
2017-09-08      ,2017-09-09      ,2535             ,761        ,1    ,1
2017-09-07      ,2017-09-08      ,2536             ,908        ,3    ,1
2017-09-12      ,2017-09-13      ,2537             ,879        ,3    ,1
2017-09-08      ,2017-09-09      ,2538             ,612        ,2    ,1
2017-09-10      ,2017-09-11      ,2539             ,94         ,2    ,1
2017-09-08      ,2017-09-09      ,2540             ,875        ,3    ,1
2017-09-10      ,2017-09-11      ,2541             ,624        ,1    ,1
2017-09-07      ,2017-09-08      ,2542             ,651        ,2    ,1
2017-09-11      ,2017-09-12      ,2543             ,786        ,3    ,1
2017-09-09      ,2017-09-10      ,2544             ,539        ,3    ,1
2017-09-11      ,2017-09-12      ,2545             ,854        ,3    ,1
2017-09-09      ,2017-09-10      ,2546             ,156        ,2    ,1
2017-09-08      ,2017-09-09      ,2547             ,33         ,1    ,1
2017-09-10      ,2017-09-11      ,2548             ,937        ,2    ,1
2017-09-09      ,2017-09-10      ,2549             ,193        ,3    ,1
2017-09-09      ,2017-09-10      ,2550             ,183        ,1    ,1
2017-09-11      ,2017-09-12      ,2551             ,547        ,2    ,1
2017-09-07      ,2017-09-08      ,2552             ,114        ,2    ,1
2017-09-08      ,2017-09-09      ,2553             ,290        ,1    ,1
2017-09-07      ,2017-09-08      ,2554             ,4          ,3    ,1
2017-09-12      ,2017-09-13      ,2555             ,373        ,2    ,1
2017-09-12      ,2017-09-13      ,2556             ,329        ,3    ,1
2017-09-11      ,2017-09-12      ,2557             ,63         ,1    ,1
2017-09-13      ,2017-09-14      ,2558             ,271        ,2    ,1
2017-09-10      ,2017-09-11      ,2559             ,277        ,2    ,1
2017-09-11      ,2017-09-12      ,2560             ,354        ,1    ,1
2017-09-10      ,2017-09-11      ,2561             ,606        ,2    ,1
2017-09-13      ,2017-09-14      ,2562             ,692        ,2    ,1
2017-09-10      ,2017-09-11      ,2563             ,108        ,1    ,1
2017-09-11      ,2017-09-12      ,2564             ,422        ,3    ,1
2017-09-10      ,2017-09-11      ,2565             ,139        ,3    ,1
2017-09-08      ,2017-09-09      ,2566             ,730        ,1    ,1
2017-09-12      ,2017-09-13      ,2567             ,535        ,1    ,1
2017-09-11      ,2017-09-12      ,2568             ,866        ,3    ,1
2017-09-10      ,2017-09-11      ,2569             ,335        ,3    ,1
2017-09-09      ,2017-09-10      ,2570             ,690        ,1    ,1
2017-09-09      ,2017-09-10      ,2571             ,767        ,3    ,1
2017-09-12      ,2017-09-13      ,2572             ,365        ,3    ,1
2017-09-10      ,2017-09-11      ,2573             ,614        ,3    ,1
2017-09-08      ,2017-09-09      ,2574             ,832        ,2    ,1
2017-09-11      ,2017-09-12      ,2575             ,316        ,1    ,1
2017-09-07      ,2017-09-08      ,2576             ,62         ,1    ,1
2017-09-10      ,2017-09-11      ,2577             ,364        ,3    ,1
2017-09-10      ,2017-09-11      ,2578             ,141        ,1    ,1
2017-09-08      ,2017-09-09      ,2579             ,565        ,1    ,1
2017-09-11      ,2017-09-12      ,2580             ,989        ,2    ,1
2017-09-07      ,2017-09-08      ,2581             ,721        ,1    ,1
2017-09-11      ,2017-09-12      ,2582             ,73         ,1    ,1
2017-09-12      ,2017-09-13      ,2583             ,554        ,3    ,1
2017-09-09      ,2017-09-10      ,2584             ,15         ,2    ,1
2017-09-11      ,2017-09-12      ,2585             ,414        ,1    ,1
2017-09-11      ,2017-09-12      ,2586             ,67         ,3    ,1
2017-09-12      ,2017-09-13      ,2587             ,891        ,3    ,1
2017-09-12      ,2017-09-13      ,2588             ,188        ,2    ,1
2017-09-11      ,2017-09-12      ,2589             ,936        ,2    ,1
2017-09-08      ,2017-09-09      ,2590             ,791        ,1    ,1
2017-09-07      ,2017-09-08      ,2591             ,812        ,2    ,1
2017-09-09      ,2017-09-10      ,2592             ,968        ,2    ,1
2017-09-13      ,2017-09-14      ,2593             ,548        ,1    ,1
2017-09-13      ,2017-09-14      ,2594             ,304        ,3    ,1
2017-09-09      ,2017-09-10      ,2595             ,620        ,3    ,1
2017-09-11      ,2017-09-12      ,2596             ,113        ,2    ,1
2017-09-07      ,2017-09-08      ,2597             ,703        ,2    ,1
2017-09-08      ,2017-09-09      ,2598             ,87         ,1    ,1
2017-09-08      ,2017-09-09      ,2599             ,320        ,2    ,1
2017-09-10      ,2017-09-11      ,2600             ,322        ,3    ,1
2017-09-10      ,2017-09-11      ,2601             ,688        ,1    ,1
2017-09-12      ,2017-09-13      ,2602             ,773        ,3    ,1
2017-09-13      ,2017-09-14      ,2603             ,80         ,1    ,1
2017-09-10      ,2017-09-11      ,2604             ,813        ,2    ,1
2017-09-12      ,2017-09-13      ,2605             ,69         ,2    ,1
2017-09-13      ,2017-09-14      ,2606             ,334        ,2    ,1
2017-09-09      ,2017-09-10      ,2607             ,401        ,3    ,1
2017-09-07      ,2017-09-08      ,2608             ,97         ,1    ,1
2017-09-10      ,2017-09-11      ,2609             ,486        ,1    ,1
2017-09-09      ,2017-09-10      ,2610             ,40         ,3    ,1
2017-09-10      ,2017-09-11      ,2611             ,644        ,1    ,1
2017-09-09      ,2017-09-10      ,2612             ,444        ,1    ,1
2017-09-07      ,2017-09-08      ,2613             ,40         ,1    ,1
2017-09-09      ,2017-09-10      ,2614             ,233        ,1    ,1
2017-09-08      ,2017-09-09      ,2615             ,1          ,3    ,1
2017-09-09      ,2017-09-10      ,2616             ,697        ,1    ,1
2017-09-13      ,2017-09-14      ,2617             ,878        ,1    ,1
2017-09-08      ,2017-09-09      ,2618             ,243        ,3    ,1
2017-09-07      ,2017-09-08      ,2619             ,544        ,1    ,1
2017-09-07      ,2017-09-08      ,2620             ,51         ,2    ,1
2017-09-08      ,2017-09-09      ,2621             ,641        ,3    ,1
2017-09-08      ,2017-09-09      ,2622             ,754        ,2    ,1
2017-09-11      ,2017-09-12      ,2623             ,74         ,3    ,1
2017-09-08      ,2017-09-09      ,2624             ,344        ,1    ,1
2017-09-11      ,2017-09-12      ,2625             ,140        ,3    ,1
2017-09-10      ,2017-09-11      ,2626             ,55         ,3    ,1
2017-09-07      ,2017-09-08      ,2627             ,124        ,1    ,1
2017-09-12      ,2017-09-13      ,2628             ,305        ,1    ,1
2017-09-09      ,2017-09-10      ,2629             ,207        ,3    ,1
2017-09-11      ,2017-09-12      ,2630             ,848        ,1    ,1
2017-09-09      ,2017-09-10      ,2631             ,109        ,3    ,1
2017-09-07      ,2017-09-08      ,2632             ,826        ,1    ,1
2017-09-08      ,2017-09-09      ,2633             ,711        ,2    ,1
2017-09-13      ,2017-09-14      ,2634             ,115        ,1    ,1
2017-09-07      ,2017-09-08      ,2635             ,771        ,1    ,1
2017-09-13      ,2017-09-14      ,2636             ,280        ,3    ,1
2017-09-09      ,2017-09-10      ,2637             ,735        ,3    ,1
2017-09-10      ,2017-09-11      ,2638             ,826        ,3    ,1
2017-09-11      ,2017-09-12      ,2639             ,640        ,1    ,1
2017-09-09      ,2017-09-10      ,2640             ,96         ,1    ,1
2017-09-13      ,2017-09-14      ,2641             ,381        ,3    ,1
2017-09-10      ,2017-09-11      ,2642             ,243        ,3    ,1
2017-09-08      ,2017-09-09      ,2643             ,956        ,3    ,1
2017-09-11      ,2017-09-12      ,2644             ,769        ,1    ,1
2017-09-07      ,2017-09-08      ,2645             ,895        ,2    ,1
2017-09-11      ,2017-09-12      ,2646             ,989        ,1    ,1
2017-09-07      ,2017-09-08      ,2647             ,677        ,2    ,1
2017-09-10      ,2017-09-11      ,2648             ,269        ,3    ,1
2017-09-08      ,2017-09-09      ,2649             ,682        ,1    ,1
2017-09-08      ,2017-09-09      ,2650             ,714        ,1    ,1
2017-09-12      ,2017-09-13      ,2651             ,60         ,1    ,1
2017-09-11      ,2017-09-12      ,2652             ,962        ,2    ,1
2017-09-07      ,2017-09-08      ,2653             ,570        ,1    ,1
2017-09-09      ,2017-09-10      ,2654             ,528        ,2    ,1
2017-09-10      ,2017-09-11      ,2655             ,410        ,2    ,1
2017-09-11      ,2017-09-12      ,2656             ,882        ,1    ,1
2017-09-09      ,2017-09-10      ,2657             ,583        ,1    ,1
2017-09-07      ,2017-09-08      ,2658             ,418        ,1    ,1
2017-09-10      ,2017-09-11      ,2659             ,527        ,2    ,1
2017-09-09      ,2017-09-10      ,2660             ,270        ,3    ,1
2017-09-12      ,2017-09-13      ,2661             ,814        ,1    ,1
2017-09-10      ,2017-09-11      ,2662             ,746        ,2    ,1
2017-09-11      ,2017-09-12      ,2663             ,705        ,3    ,1
2017-09-12      ,2017-09-13      ,2664             ,336        ,2    ,1
2017-09-13      ,2017-09-14      ,2665             ,146        ,3    ,1
2017-09-13      ,2017-09-14      ,2666             ,447        ,1    ,1
2017-09-07      ,2017-09-08      ,2667             ,176        ,1    ,1
2017-09-13      ,2017-09-14      ,2668             ,606        ,3    ,1
2017-09-13      ,2017-09-14      ,2669             ,880        ,2    ,1
2017-09-09      ,2017-09-10      ,2670             ,315        ,3    ,1
2017-09-07      ,2017-09-08      ,2671             ,658        ,2    ,1
2017-09-11      ,2017-09-12      ,2672             ,692        ,1    ,1
2017-09-10      ,2017-09-11      ,2673             ,89         ,3    ,1
2017-09-12      ,2017-09-13      ,2674             ,421        ,1    ,1
2017-09-10      ,2017-09-11      ,2675             ,802        ,2    ,1
2017-09-07      ,2017-09-08      ,2676             ,74         ,2    ,1
2017-09-10      ,2017-09-11      ,2677             ,12         ,3    ,1
2017-09-08      ,2017-09-09      ,2678             ,908        ,2    ,1
2017-09-10      ,2017-09-11      ,2679             ,263        ,3    ,1
2017-09-08      ,2017-09-09      ,2680             ,410        ,1    ,1
2017-09-13      ,2017-09-14      ,2681             ,771        ,1    ,1
2017-09-12      ,2017-09-13      ,2682             ,782        ,3    ,1
2017-09-13      ,2017-09-14      ,2683             ,453        ,3    ,1
2017-09-13      ,2017-09-14      ,2684             ,761        ,2    ,1
2017-09-09      ,2017-09-10      ,2685             ,551        ,2    ,1
2017-09-10      ,2017-09-11      ,2686             ,852        ,2    ,1
2017-09-12      ,2017-09-13      ,2687             ,507        ,1    ,1
2017-09-13      ,2017-09-14      ,2688             ,909        ,1    ,1
2017-09-11      ,2017-09-12      ,2689             ,800        ,3    ,1
2017-09-13      ,2017-09-14      ,2690             ,477        ,2    ,1
2017-09-12      ,2017-09-13      ,2691             ,292        ,3    ,1
2017-09-08      ,2017-09-09      ,2692             ,789        ,3    ,1
2017-09-07      ,2017-09-08      ,2693             ,157        ,3    ,1
2017-09-11      ,2017-09-12      ,2694             ,18         ,1    ,1
2017-09-13      ,2017-09-14      ,2695             ,422        ,2    ,1
2017-09-13      ,2017-09-14      ,2696             ,819        ,1    ,1
2017-09-11      ,2017-09-12      ,2697             ,902        ,3    ,1
2017-09-10      ,2017-09-11      ,2698             ,687        ,3    ,1
2017-09-11      ,2017-09-12      ,2699             ,593        ,3    ,1
2017-09-11      ,2017-09-12      ,2700             ,822        ,2    ,1
2017-09-11      ,2017-09-12      ,2701             ,103        ,3    ,1
2017-09-13      ,2017-09-14      ,2702             ,881        ,3    ,1
2017-09-08      ,2017-09-09      ,2703             ,736        ,2    ,1
2017-09-11      ,2017-09-12      ,2704             ,361        ,1    ,1
2017-09-11      ,2017-09-12      ,2705             ,656        ,3    ,1
2017-09-10      ,2017-09-11      ,2706             ,894        ,2    ,1
2017-09-07      ,2017-09-08      ,2707             ,952        ,2    ,1
2017-09-13      ,2017-09-14      ,2708             ,654        ,2    ,1
2017-09-09      ,2017-09-10      ,2709             ,943        ,2    ,1
2017-09-08      ,2017-09-09      ,2710             ,781        ,1    ,1
2017-09-10      ,2017-09-11      ,2711             ,366        ,1    ,1
2017-09-12      ,2017-09-13      ,2712             ,20         ,1    ,1
2017-09-12      ,2017-09-13      ,2713             ,601        ,2    ,1
2017-09-13      ,2017-09-14      ,2714             ,699        ,1    ,1
2017-09-07      ,2017-09-08      ,2715             ,158        ,2    ,1
2017-09-13      ,2017-09-14      ,2716             ,10         ,2    ,1
2017-09-10      ,2017-09-11      ,2717             ,928        ,3    ,1
2017-09-10      ,2017-09-11      ,2718             ,420        ,1    ,1
2017-09-08      ,2017-09-09      ,2719             ,745        ,1    ,1
2017-09-10      ,2017-09-11      ,2720             ,212        ,2    ,1
2017-09-10      ,2017-09-11      ,2721             ,808        ,3    ,1
2017-09-08      ,2017-09-09      ,2722             ,927        ,3    ,1
2017-09-08      ,2017-09-09      ,2723             ,666        ,2    ,1
2017-09-11      ,2017-09-12      ,2724             ,789        ,2    ,1
2017-09-10      ,2017-09-11      ,2725             ,762        ,2    ,1
2017-09-12      ,2017-09-13      ,2726             ,249        ,3    ,1
2017-09-09      ,2017-09-10      ,2727             ,860        ,1    ,1
2017-09-12      ,2017-09-13      ,2728             ,471        ,2    ,1
2017-09-10      ,2017-09-11      ,2729             ,86         ,2    ,1
2017-09-10      ,2017-09-11      ,2730             ,987        ,1    ,1
2017-09-12      ,2017-09-13      ,2731             ,679        ,3    ,1
2017-09-08      ,2017-09-09      ,2732             ,865        ,1    ,1
2017-09-13      ,2017-09-14      ,2733             ,475        ,1    ,1
2017-09-09      ,2017-09-10      ,2734             ,236        ,3    ,1
2017-09-10      ,2017-09-11      ,2735             ,978        ,1    ,1
2017-09-08      ,2017-09-09      ,2736             ,228        ,1    ,1
2017-09-13      ,2017-09-14      ,2737             ,647        ,2    ,1
2017-09-07      ,2017-09-08      ,2738             ,720        ,3    ,1
2017-09-10      ,2017-09-11      ,2739             ,83         ,2    ,1
2017-09-12      ,2017-09-13      ,2740             ,586        ,1    ,1
2017-09-09      ,2017-09-10      ,2741             ,4          ,3    ,1
2017-09-12      ,2017-09-13      ,2742             ,814        ,3    ,1
2017-09-09      ,2017-09-10      ,2743             ,547        ,1    ,1
2017-09-13      ,2017-09-14      ,2744             ,702        ,2    ,1
2017-09-11      ,2017-09-12      ,2745             ,440        ,2    ,1
2017-09-09      ,2017-09-10      ,2746             ,504        ,1    ,1
2017-09-07      ,2017-09-08      ,2747             ,174        ,3    ,1
2017-09-12      ,2017-09-13      ,2748             ,755        ,1    ,1
2017-09-13      ,2017-09-14      ,2749             ,955        ,3    ,1
2017-09-11      ,2017-09-12      ,2750             ,944        ,2    ,1
2017-09-10      ,2017-09-11      ,2751             ,555        ,2    ,1
2017-09-12      ,2017-09-13      ,2752             ,930        ,1    ,1
2017-09-08      ,2017-09-09      ,2753             ,454        ,3    ,1
2017-09-08      ,2017-09-09      ,2754             ,128        ,3    ,1
2017-09-09      ,2017-09-10      ,2755             ,588        ,1    ,1
2017-09-12      ,2017-09-13      ,2756             ,69         ,3    ,1
2017-09-12      ,2017-09-13      ,2757             ,874        ,3    ,1
2017-09-12      ,2017-09-13      ,2758             ,805        ,2    ,1
2017-09-09      ,2017-09-10      ,2759             ,530        ,1    ,1
2017-09-08      ,2017-09-09      ,2760             ,401        ,2    ,1
2017-09-07      ,2017-09-08      ,2761             ,547        ,3    ,1
2017-09-09      ,2017-09-10      ,2762             ,421        ,1    ,1
2017-09-10      ,2017-09-11      ,2763             ,3          ,1    ,1
2017-09-12      ,2017-09-13      ,2764             ,669        ,3    ,1
2017-09-10      ,2017-09-11      ,2765             ,334        ,1    ,1
2017-09-12      ,2017-09-13      ,2766             ,248        ,2    ,1
2017-09-11      ,2017-09-12      ,2767             ,598        ,2    ,1
2017-09-13      ,2017-09-14      ,2768             ,832        ,3    ,1
2017-09-11      ,2017-09-12      ,2769             ,417        ,3    ,1
2017-09-07      ,2017-09-08      ,2770             ,186        ,1    ,1
2017-09-11      ,2017-09-12      ,2771             ,358        ,1    ,1
2017-09-09      ,2017-09-10      ,2772             ,767        ,3    ,1
2017-09-08      ,2017-09-09      ,2773             ,983        ,3    ,1
2017-09-08      ,2017-09-09      ,2774             ,274        ,3    ,1
2017-09-13      ,2017-09-14      ,2775             ,402        ,1    ,1
2017-09-09      ,2017-09-10      ,2776             ,189        ,1    ,1
2017-09-11      ,2017-09-12      ,2777             ,842        ,1    ,1
2017-09-12      ,2017-09-13      ,2778             ,563        ,1    ,1
2017-09-11      ,2017-09-12      ,2779             ,960        ,3    ,1
2017-09-13      ,2017-09-14      ,2780             ,135        ,3    ,1
2017-09-13      ,2017-09-14      ,2781             ,933        ,1    ,1
2017-09-12      ,2017-09-13      ,2782             ,77         ,2    ,1
2017-09-08      ,2017-09-09      ,2783             ,607        ,3    ,1
2017-09-08      ,2017-09-09      ,2784             ,211        ,1    ,1
2017-09-12      ,2017-09-13      ,2785             ,728        ,3    ,1
2017-09-10      ,2017-09-11      ,2786             ,231        ,2    ,1
2017-09-13      ,2017-09-14      ,2787             ,306        ,2    ,1
2017-09-09      ,2017-09-10      ,2788             ,629        ,2    ,1
2017-09-09      ,2017-09-10      ,2789             ,120        ,3    ,1
2017-09-07      ,2017-09-08      ,2790             ,498        ,2    ,1
2017-09-10      ,2017-09-11      ,2791             ,891        ,3    ,1
2017-09-13      ,2017-09-14      ,2792             ,900        ,1    ,1
2017-09-11      ,2017-09-12      ,2793             ,507        ,3    ,1
2017-09-07      ,2017-09-08      ,2794             ,15         ,3    ,1
2017-09-10      ,2017-09-11      ,2795             ,316        ,1    ,1
2017-09-10      ,2017-09-11      ,2796             ,828        ,1    ,1
2017-09-12      ,2017-09-13      ,2797             ,324        ,1    ,1
2017-09-12      ,2017-09-13      ,2798             ,397        ,2    ,1
2017-09-08      ,2017-09-09      ,2799             ,459        ,3    ,1
2017-09-13      ,2017-09-14      ,2800             ,237        ,2    ,1
2017-09-12      ,2017-09-13      ,2801             ,645        ,3    ,1
2017-09-08      ,2017-09-09      ,2802             ,829        ,2    ,1
2017-09-12      ,2017-09-13      ,2803             ,413        ,3    ,1
2017-09-11      ,2017-09-12      ,2804             ,635        ,2    ,1
2017-09-07      ,2017-09-08      ,2805             ,55         ,1    ,1
2017-09-07      ,2017-09-08      ,2806             ,350        ,3    ,1
2017-09-12      ,2017-09-13      ,2807             ,496        ,2    ,1
2017-09-13      ,2017-09-14      ,2808             ,818        ,1    ,1
2017-09-13      ,2017-09-14      ,2809             ,932        ,2    ,1
2017-09-07      ,2017-09-08      ,2810             ,240        ,2    ,1
2017-09-11      ,2017-09-12      ,2811             ,587        ,2    ,1
2017-09-07      ,2017-09-08      ,2812             ,575        ,2    ,1
2017-09-12      ,2017-09-13      ,2813             ,746        ,2    ,1
2017-09-09      ,2017-09-10      ,2814             ,867        ,3    ,1
2017-09-09      ,2017-09-10      ,2815             ,991        ,3    ,1
2017-09-10      ,2017-09-11      ,2816             ,170        ,2    ,1
2017-09-08      ,2017-09-09      ,2817             ,119        ,1    ,1
2017-09-09      ,2017-09-10      ,2818             ,569        ,2    ,1
2017-09-13      ,2017-09-14      ,2819             ,266        ,2    ,1
2017-09-08      ,2017-09-09      ,2820             ,419        ,2    ,1
2017-09-10      ,2017-09-11      ,2821             ,886        ,2    ,1
2017-09-12      ,2017-09-13      ,2822             ,743        ,3    ,1
2017-09-11      ,2017-09-12      ,2823             ,609        ,3    ,1
2017-09-13      ,2017-09-14      ,2824             ,84         ,3    ,1
2017-09-11      ,2017-09-12      ,2825             ,769        ,1    ,1
2017-09-08      ,2017-09-09      ,2826             ,128        ,2    ,1
2017-09-10      ,2017-09-11      ,2827             ,97         ,3    ,1
2017-09-09      ,2017-09-10      ,2828             ,515        ,3    ,1
2017-09-12      ,2017-09-13      ,2829             ,226        ,3    ,1
2017-09-11      ,2017-09-12      ,2830             ,224        ,3    ,1
2017-09-07      ,2017-09-08      ,2831             ,970        ,2    ,1
2017-09-13      ,2017-09-14      ,2832             ,824        ,3    ,1
2017-09-12      ,2017-09-13      ,2833             ,780        ,2    ,1
2017-09-12      ,2017-09-13      ,2834             ,654        ,1    ,1
2017-09-12      ,2017-09-13      ,2835             ,73         ,3    ,1
2017-09-09      ,2017-09-10      ,2836             ,163        ,2    ,1
2017-09-07      ,2017-09-08      ,2837             ,276        ,2    ,1
2017-09-07      ,2017-09-08      ,2838             ,923        ,3    ,1
2017-09-12      ,2017-09-13      ,2839             ,817        ,1    ,1
2017-09-09      ,2017-09-10      ,2840             ,31         ,3    ,1
2017-09-11      ,2017-09-12      ,2841             ,152        ,1    ,1
2017-09-08      ,2017-09-09      ,2842             ,319        ,3    ,1
2017-09-09      ,2017-09-10      ,2843             ,619        ,3    ,1
2017-09-08      ,2017-09-09      ,2844             ,204        ,2    ,1
2017-09-10      ,2017-09-11      ,2845             ,378        ,1    ,1
2017-09-11      ,2017-09-12      ,2846             ,855        ,3    ,1
2017-09-10      ,2017-09-11      ,2847             ,600        ,1    ,1
2017-09-13      ,2017-09-14      ,2848             ,193        ,1    ,1
2017-09-12      ,2017-09-13      ,2849             ,936        ,3    ,1
2017-09-10      ,2017-09-11      ,2850             ,882        ,3    ,1
2017-09-08      ,2017-09-09      ,2851             ,875        ,1    ,1
2017-09-12      ,2017-09-13      ,2852             ,657        ,1    ,1
2017-09-11      ,2017-09-12      ,2853             ,197        ,2    ,1
2017-09-13      ,2017-09-14      ,2854             ,475        ,3    ,1
2017-09-07      ,2017-09-08      ,2855             ,882        ,1    ,1
2017-09-11      ,2017-09-12      ,2856             ,396        ,2    ,1
2017-09-09      ,2017-09-10      ,2857             ,39         ,3    ,1
2017-09-07      ,2017-09-08      ,2858             ,758        ,2    ,1
2017-09-12      ,2017-09-13      ,2859             ,920        ,1    ,1
2017-09-07      ,2017-09-08      ,2860             ,467        ,1    ,1
2017-09-08      ,2017-09-09      ,2861             ,898        ,1    ,1
2017-09-08      ,2017-09-09      ,2862             ,704        ,1    ,1
2017-09-13      ,2017-09-14      ,2863             ,770        ,2    ,1
2017-09-11      ,2017-09-12      ,2864             ,773        ,2    ,1
2017-09-13      ,2017-09-14      ,2865             ,215        ,2    ,1
2017-09-08      ,2017-09-09      ,2866             ,337        ,3    ,1
2017-09-13      ,2017-09-14      ,2867             ,759        ,1    ,1
2017-09-07      ,2017-09-08      ,2868             ,936        ,3    ,1
2017-09-10      ,2017-09-11      ,2869             ,212        ,2    ,1
2017-09-13      ,2017-09-14      ,2870             ,688        ,1    ,1
2017-09-12      ,2017-09-13      ,2871             ,826        ,2    ,1
2017-09-10      ,2017-09-11      ,2872             ,517        ,2    ,1
2017-09-13      ,2017-09-14      ,2873             ,229        ,1    ,1
2017-09-13      ,2017-09-14      ,2874             ,728        ,2    ,1
2017-09-13      ,2017-09-14      ,2875             ,964        ,1    ,1
2017-09-13      ,2017-09-14      ,2876             ,247        ,1    ,1
2017-09-12      ,2017-09-13      ,2877             ,719        ,2    ,1
2017-09-09      ,2017-09-10      ,2878             ,308        ,1    ,1
2017-09-10      ,2017-09-11      ,2879             ,645        ,3    ,1
2017-09-13      ,2017-09-14      ,2880             ,470        ,3    ,1
2017-09-12      ,2017-09-13      ,2881             ,215        ,2    ,1
2017-09-08      ,2017-09-09      ,2882             ,148        ,1    ,1
2017-09-13      ,2017-09-14      ,2883             ,992        ,3    ,1
2017-09-13      ,2017-09-14      ,2884             ,512        ,3    ,1
2017-09-10      ,2017-09-11      ,2885             ,399        ,1    ,1
2017-09-09      ,2017-09-10      ,2886             ,515        ,3    ,1
2017-09-13      ,2017-09-14      ,2887             ,985        ,2    ,1
2017-09-10      ,2017-09-11      ,2888             ,101        ,2    ,1
2017-09-13      ,2017-09-14      ,2889             ,79         ,1    ,1
2017-09-13      ,2017-09-14      ,2890             ,264        ,3    ,1
2017-09-12      ,2017-09-13      ,2891             ,219        ,1    ,1
2017-09-11      ,2017-09-12      ,2892             ,554        ,2    ,1
2017-09-07      ,2017-09-08      ,2893             ,814        ,3    ,1
2017-09-11      ,2017-09-12      ,2894             ,619        ,3    ,1
2017-09-13      ,2017-09-14      ,2895             ,497        ,2    ,1
2017-09-07      ,2017-09-08      ,2896             ,553        ,3    ,1
2017-09-13      ,2017-09-14      ,2897             ,644        ,3    ,1
2017-09-07      ,2017-09-08      ,2898             ,637        ,3    ,1
2017-09-12      ,2017-09-13      ,2899             ,967        ,1    ,1
2017-09-08      ,2017-09-09      ,2900             ,746        ,2    ,1
2017-09-08      ,2017-09-09      ,2901             ,955        ,2    ,1
2017-09-13      ,2017-09-14      ,2902             ,44         ,3    ,1
2017-09-08      ,2017-09-09      ,2903             ,265        ,1    ,1
2017-09-13      ,2017-09-14      ,2904             ,618        ,3    ,1
2017-09-08      ,2017-09-09      ,2905             ,455        ,2    ,1
2017-09-11      ,2017-09-12      ,2906             ,736        ,2    ,1
2017-09-11      ,2017-09-12      ,2907             ,180        ,3    ,1
2017-09-08      ,2017-09-09      ,2908             ,918        ,2    ,1
2017-09-09      ,2017-09-10      ,2909             ,322        ,1    ,1
2017-09-10      ,2017-09-11      ,2910             ,280        ,3    ,1
2017-09-08      ,2017-09-09      ,2911             ,386        ,1    ,1
2017-09-13      ,2017-09-14      ,2912             ,285        ,2    ,1
2017-09-08      ,2017-09-09      ,2913             ,296        ,3    ,1
2017-09-10      ,2017-09-11      ,2914             ,842        ,1    ,1
2017-09-07      ,2017-09-08      ,2915             ,743        ,1    ,1
2017-09-12      ,2017-09-13      ,2916             ,868        ,3    ,1
2017-09-11      ,2017-09-12      ,2917             ,339        ,1    ,1
2017-09-07      ,2017-09-08      ,2918             ,31         ,1    ,1
2017-09-11      ,2017-09-12      ,2919             ,616        ,1    ,1
2017-09-07      ,2017-09-08      ,2920             ,421        ,1    ,1
2017-09-11      ,2017-09-12      ,2921             ,337        ,3    ,1
2017-09-09      ,2017-09-10      ,2922             ,387        ,1    ,1
2017-09-07      ,2017-09-08      ,2923             ,264        ,1    ,1
2017-09-08      ,2017-09-09      ,2924             ,812        ,2    ,1
2017-09-13      ,2017-09-14      ,2925             ,822        ,3    ,1
2017-09-11      ,2017-09-12      ,2926             ,791        ,1    ,1
2017-09-11      ,2017-09-12      ,2927             ,451        ,2    ,1
2017-09-09      ,2017-09-10      ,2928             ,108        ,2    ,1
2017-09-13      ,2017-09-14      ,2929             ,553        ,2    ,1
2017-09-10      ,2017-09-11      ,2930             ,585        ,2    ,1
2017-09-13      ,2017-09-14      ,2931             ,482        ,2    ,1
2017-09-12      ,2017-09-13      ,2932             ,859        ,2    ,1
2017-09-10      ,2017-09-11      ,2933             ,394        ,1    ,1
2017-09-12      ,2017-09-13      ,2934             ,927        ,1    ,1
2017-09-07      ,2017-09-08      ,2935             ,754        ,1    ,1
2017-09-09      ,2017-09-10      ,2936             ,296        ,2    ,1
2017-09-10      ,2017-09-11      ,2937             ,399        ,2    ,1
2017-09-10      ,2017-09-11      ,2938             ,970        ,2    ,1
2017-09-07      ,2017-09-08      ,2939             ,515        ,2    ,1
2017-09-13      ,2017-09-14      ,2940             ,930        ,2    ,1
2017-09-08      ,2017-09-09      ,2941             ,309        ,2    ,1
2017-09-10      ,2017-09-11      ,2942             ,650        ,1    ,1
2017-09-10      ,2017-09-11      ,2943             ,3          ,2    ,1
2017-09-12      ,2017-09-13      ,2944             ,418        ,3    ,1
2017-09-11      ,2017-09-12      ,2945             ,911        ,1    ,1
2017-09-13      ,2017-09-14      ,2946             ,760        ,3    ,1
2017-09-10      ,2017-09-11      ,2947             ,966        ,2    ,1
2017-09-13      ,2017-09-14      ,2948             ,12         ,3    ,1
2017-09-11      ,2017-09-12      ,2949             ,293        ,2    ,1
2017-09-08      ,2017-09-09      ,2950             ,939        ,1    ,1
2017-09-13      ,2017-09-14      ,2951             ,512        ,1    ,1
2017-09-11      ,2017-09-12      ,2952             ,795        ,1    ,1
2017-09-13      ,2017-09-14      ,2953             ,741        ,1    ,1
2017-09-08      ,2017-09-09      ,2954             ,465        ,3    ,1
2017-09-13      ,2017-09-14      ,2955             ,85         ,3    ,1
2017-09-08      ,2017-09-09      ,2956             ,820        ,3    ,1
2017-09-08      ,2017-09-09      ,2957             ,349        ,3    ,1
2017-09-12      ,2017-09-13      ,2958             ,631        ,2    ,1
2017-09-13      ,2017-09-14      ,2959             ,687        ,2    ,1
2017-09-08      ,2017-09-09      ,2960             ,317        ,2    ,1
2017-09-07      ,2017-09-08      ,2961             ,477        ,3    ,1
2017-09-12      ,2017-09-13      ,2962             ,301        ,1    ,1
2017-09-10      ,2017-09-11      ,2963             ,648        ,1    ,1
2017-09-10      ,2017-09-11      ,2964             ,988        ,2    ,1
2017-09-09      ,2017-09-10      ,2965             ,270        ,1    ,1
2017-09-08      ,2017-09-09      ,2966             ,865        ,2    ,1
2017-09-13      ,2017-09-14      ,2967             ,91         ,1    ,1
2017-09-09      ,2017-09-10      ,2968             ,950        ,3    ,1
2017-09-08      ,2017-09-09      ,2969             ,756        ,3    ,1
2017-09-13      ,2017-09-14      ,2970             ,127        ,1    ,1
2017-09-12      ,2017-09-13      ,2971             ,805        ,1    ,1
2017-09-11      ,2017-09-12      ,2972             ,928        ,1    ,1
2017-09-12      ,2017-09-13      ,2973             ,388        ,3    ,1
2017-09-10      ,2017-09-11      ,2974             ,586        ,1    ,1
2017-09-08      ,2017-09-09      ,2975             ,975        ,3    ,1
2017-09-11      ,2017-09-12      ,2976             ,107        ,3    ,1
2017-09-13      ,2017-09-14      ,2977             ,450        ,3    ,1
2017-09-12      ,2017-09-13      ,2978             ,242        ,1    ,1
2017-09-09      ,2017-09-10      ,2979             ,473        ,2    ,1
2017-09-08      ,2017-09-09      ,2980             ,275        ,1    ,1
2017-09-09      ,2017-09-10      ,2981             ,593        ,1    ,1
2017-09-13      ,2017-09-14      ,2982             ,751        ,2    ,1
2017-09-11      ,2017-09-12      ,2983             ,738        ,2    ,1
2017-09-10      ,2017-09-11      ,2984             ,45         ,1    ,1
2017-09-09      ,2017-09-10      ,2985             ,495        ,2    ,1
2017-09-11      ,2017-09-12      ,2986             ,249        ,2    ,1
2017-09-08      ,2017-09-09      ,2987             ,546        ,1    ,1
2017-09-11      ,2017-09-12      ,2988             ,459        ,2    ,1
2017-09-09      ,2017-09-10      ,2989             ,365        ,2    ,1
2017-09-10      ,2017-09-11      ,2990             ,452        ,3    ,1
2017-09-12      ,2017-09-13      ,2991             ,717        ,1    ,1
2017-09-08      ,2017-09-09      ,2992             ,736        ,3    ,1
2017-09-08      ,2017-09-09      ,2993             ,959        ,2    ,1
2017-09-08      ,2017-09-09      ,2994             ,334        ,1    ,1
2017-09-11      ,2017-09-12      ,2995             ,616        ,1    ,1
2017-09-08      ,2017-09-09      ,2996             ,674        ,1    ,1
2017-09-08      ,2017-09-09      ,2997             ,558        ,3    ,1
2017-09-12      ,2017-09-13      ,2998             ,948        ,3    ,1
